{
  "IcoMoonType": "selection",
  "icons": [
    {
      "icon": {
        "paths": [
          "M192 533.099l188.594 188.776 2.661-145.875h469.333v-85.333h-471.995v-149.844z"
        ],
        "attrs": [
          {}
        ],
        "isMulticolor": false,
        "isMulticolor2": false,
        "tags": [
          "Arrow Left"
        ],
        "grid": 0
      },
      "attrs": [
        {}
      ],
      "properties": {
        "order": 44,
        "id": 0,
        "name": "arrow-left",
        "prevSize": 32,
        "code": 59648
      },
      "setIdx": 0,
      "setId": 7,
      "iconIdx": 0
    },
    {
      "icon": {
        "paths": [
          "M852.589 533.099l-188.594 188.776-2.661-145.875h-469.333v-85.333h471.995v-149.844z"
        ],
        "attrs": [
          {}
        ],
        "isMulticolor": false,
        "isMulticolor2": false,
        "tags": [
          "Arrow Right"
        ],
        "grid": 0
      },
      "attrs": [
        {}
      ],
      "properties": {
        "order": 45,
        "id": 1,
        "name": "arrow-right",
        "prevSize": 32,
        "code": 59649
      },
      "setIdx": 0,
      "setId": 7,
      "iconIdx": 1
    },
    {
      "icon": {
        "paths": [
          "M384 85.333l-78.080 85.333h-135.253c-46.933 0-85.333 38.4-85.333 85.333v512c0 46.933 38.4 85.333 85.333 85.333h682.667c46.933 0 85.333-38.4 85.333-85.333v-512c0-46.933-38.4-85.333-85.333-85.333h-135.253l-78.080-85.333h-256zM512 725.333c-117.76 0-213.333-95.573-213.333-213.333s95.573-213.333 213.333-213.333c117.76 0 213.333 95.573 213.333 213.333s-95.573 213.333-213.333 213.333zM512 648.533c75.405 0 136.533-61.128 136.533-136.533s-61.128-136.533-136.533-136.533c-75.405 0-136.533 61.128-136.533 136.533s61.128 136.533 136.533 136.533z"
        ],
        "attrs": [
          {}
        ],
        "isMulticolor": false,
        "isMulticolor2": false,
        "tags": [
          "Camera"
        ],
        "grid": 0
      },
      "attrs": [
        {}
      ],
      "properties": {
        "order": 28,
        "id": 2,
        "name": "camera",
        "prevSize": 32,
        "code": 59650
      },
      "setIdx": 0,
      "setId": 7,
      "iconIdx": 2
    },
    {
      "icon": {
        "paths": [
          "M298.667 768c-46.933 0-84.907 38.4-84.907 85.333s37.973 85.333 84.907 85.333c46.933 0 85.333-38.4 85.333-85.333s-38.4-85.333-85.333-85.333v0zM42.667 85.333v85.333h85.333l153.6 323.84-57.6 104.533c-6.827 11.947-10.667 26.027-10.667 40.96 0 46.933 38.4 85.333 85.333 85.333h512v-85.333h-494.080c-5.973 0-10.667-4.693-10.667-10.667l1.28-5.12 38.4-69.547h317.867c32 0 60.16-17.493 74.667-43.947l152.747-276.907c3.413-5.973 5.12-13.227 5.12-20.48 0-23.467-19.2-42.667-42.667-42.667h-631.040l-40.107-85.333h-139.52zM725.333 768c-46.933 0-84.907 38.4-84.907 85.333s37.973 85.333 84.907 85.333c46.933 0 85.333-38.4 85.333-85.333s-38.4-85.333-85.333-85.333v0z"
        ],
        "attrs": [
          {}
        ],
        "isMulticolor": false,
        "isMulticolor2": false,
        "tags": [
          "Cart"
        ],
        "grid": 0
      },
      "attrs": [
        {}
      ],
      "properties": {
        "order": 29,
        "id": 3,
        "name": "cart",
        "prevSize": 32,
        "code": 59651
      },
      "setIdx": 0,
      "setId": 7,
      "iconIdx": 3
    },
    {
      "icon": {
        "paths": [
          "M384 689.92l-177.92-177.92-60.587 60.16 238.507 238.507 512-512-60.16-60.16z"
        ],
        "attrs": [
          {}
        ],
        "isMulticolor": false,
        "isMulticolor2": false,
        "tags": [
          "Check"
        ],
        "grid": 0
      },
      "attrs": [
        {}
      ],
      "properties": {
        "order": 32,
        "id": 4,
        "name": "check",
        "prevSize": 32,
        "code": 59652
      },
      "setIdx": 0,
      "setId": 7,
      "iconIdx": 4
    },
    {
      "icon": {
        "paths": [
          "M810.667 273.493l-60.16-60.16-238.507 238.507-238.507-238.507-60.16 60.16 238.507 238.507-238.507 238.507 60.16 60.16 238.507-238.507 238.507 238.507 60.16-60.16-238.507-238.507z"
        ],
        "attrs": [
          {}
        ],
        "isMulticolor": false,
        "isMulticolor2": false,
        "tags": [
          "Close"
        ],
        "grid": 0
      },
      "attrs": [
        {}
      ],
      "properties": {
        "order": 33,
        "id": 5,
        "name": "close",
        "prevSize": 32,
        "code": 59653
      },
      "setIdx": 0,
      "setId": 7,
      "iconIdx": 5
    },
    {
      "icon": {
        "paths": [
          "M896 85.333c47.147 0 85.333 38.187 85.333 85.333v512c0 47.147-38.187 85.333-85.333 85.333h-298.667v85.333h85.333v85.333h-341.333v-85.333h85.333v-85.333h-298.667c-47.147 0-85.333-38.187-85.333-85.333v-512c0-47.147 38.187-85.333 85.333-85.333h768zM896 682.667v-512h-768v512h768z"
        ],
        "attrs": [
          {}
        ],
        "isMulticolor": false,
        "isMulticolor2": false,
        "tags": [
          "Computer"
        ],
        "grid": 0
      },
      "attrs": [
        {}
      ],
      "properties": {
        "order": 36,
        "id": 6,
        "name": "computer",
        "prevSize": 32,
        "code": 59654
      },
      "setIdx": 0,
      "setId": 7,
      "iconIdx": 6
    },
    {
      "icon": {
        "paths": [
          "M192 718.335v134.998h134.998l398.335-398.335-134.998-134.998-398.335 398.335zM842.708 338.854c14.168-14.168 14.168-37.236 0-51.403l-84.825-84.825c-14.168-14.168-37.236-14.168-51.403 0l-66.479 66.479 136.228 136.228 66.479-66.479z"
        ],
        "attrs": [
          {}
        ],
        "isMulticolor": false,
        "isMulticolor2": false,
        "tags": [
          "Edit"
        ],
        "grid": 0
      },
      "attrs": [
        {}
      ],
      "properties": {
        "order": 37,
        "id": 7,
        "name": "edit",
        "prevSize": 32,
        "code": 59655
      },
      "setIdx": 0,
      "setId": 7,
      "iconIdx": 7
    },
    {
      "icon": {
        "paths": [
          "M470.4 610.379l-20.533-397.046h143.733l-18.667 397.046h-104.533zM448 740.081c0-38.822 33.6-71.468 74.667-71.468s74.667 32.646 74.667 71.468c0 37.94-33.6 70.586-74.667 70.586s-74.667-32.646-74.667-70.586z"
        ],
        "attrs": [
          {}
        ],
        "isMulticolor": false,
        "isMulticolor2": false,
        "tags": [
          "Exclamation"
        ],
        "grid": 0
      },
      "attrs": [
        {}
      ],
      "properties": {
        "order": 39,
        "id": 8,
        "name": "exclamation",
        "prevSize": 32,
        "code": 59656
      },
      "setIdx": 0,
      "setId": 7,
      "iconIdx": 8
    },
    {
      "icon": {
        "paths": [
          "M546.952 1024h-490.435c-31.223 0-56.517-25.31-56.517-56.52v-910.963c0-31.218 25.298-56.517 56.517-56.517h910.97c31.211 0 56.513 25.298 56.513 56.517v910.963c0 31.214-25.306 56.52-56.513 56.52h-260.942v-396.549h133.103l19.93-154.542h-153.034v-98.665c0-44.744 12.425-75.235 76.586-75.235l81.835-0.036v-138.224c-14.153-1.883-62.731-6.091-119.248-6.091-117.989 0-198.767 72.020-198.767 204.28v113.971h-133.445v154.542h133.445v396.549z"
        ],
        "attrs": [
          {}
        ],
        "isMulticolor": false,
        "isMulticolor2": false,
        "tags": [
          "Facebook"
        ],
        "grid": 0
      },
      "attrs": [
        {}
      ],
      "properties": {
        "order": 40,
        "id": 9,
        "name": "facebook",
        "prevSize": 32,
        "code": 59657
      },
      "setIdx": 0,
      "setId": 7,
      "iconIdx": 9
    },
    {
      "icon": {
        "paths": [
          "M85.333 298.667h213.333v-213.333h-213.333v213.333zM405.333 938.667h213.333v-213.333h-213.333v213.333zM85.333 938.667h213.333v-213.333h-213.333v213.333zM85.333 618.667h213.333v-213.333h-213.333v213.333zM405.333 618.667h213.333v-213.333h-213.333v213.333zM725.333 85.333v213.333h213.333v-213.333h-213.333zM405.333 298.667h213.333v-213.333h-213.333v213.333zM725.333 618.667h213.333v-213.333h-213.333v213.333zM725.333 938.667h213.333v-213.333h-213.333v213.333z"
        ],
        "attrs": [
          {}
        ],
        "isMulticolor": false,
        "isMulticolor2": false,
        "tags": [
          "Grid"
        ],
        "grid": 0
      },
      "attrs": [
        {}
      ],
      "properties": {
        "order": 41,
        "id": 10,
        "name": "grid",
        "prevSize": 32,
        "code": 59658
      },
      "setIdx": 0,
      "setId": 7,
      "iconIdx": 10
    },
    {
      "icon": {
        "paths": [
          "M512.001 0c139.050 0 156.486 0.589 211.096 3.081 54.496 2.486 91.716 11.142 124.283 23.799 33.669 13.082 62.222 30.589 90.687 59.053 28.464 28.466 45.971 57.019 59.055 90.687 12.656 32.567 21.312 69.786 23.797 124.283 2.492 54.61 3.081 72.046 3.081 211.098 0 139.050-0.589 156.486-3.081 211.096-2.486 54.496-11.142 91.716-23.797 124.283-13.085 33.669-30.591 62.222-59.055 90.687-28.466 28.464-57.019 45.971-90.687 59.055-32.567 12.656-69.786 21.312-124.283 23.797-54.61 2.492-72.046 3.081-211.096 3.081-139.052 0-156.488-0.589-211.098-3.081-54.496-2.486-91.716-11.142-124.283-23.797-33.669-13.085-62.222-30.591-90.687-59.055-28.464-28.466-45.971-57.019-59.053-90.687-12.658-32.567-21.314-69.786-23.799-124.283-2.492-54.61-3.081-72.046-3.081-211.096 0-139.052 0.589-156.488 3.081-211.098 2.486-54.496 11.142-91.716 23.799-124.283 13.082-33.669 30.589-62.222 59.053-90.687 28.466-28.464 57.019-45.971 90.687-59.053 32.567-12.658 69.786-21.314 124.283-23.799 54.61-2.492 72.046-3.081 211.098-3.081zM512.001 92.252c-136.711 0-152.905 0.522-206.893 2.986-49.919 2.276-77.030 10.617-95.071 17.629-23.899 9.288-40.955 20.383-58.87 38.3-17.918 17.915-29.012 34.971-38.3 58.87-7.012 18.042-15.353 45.152-17.629 95.071-2.463 53.988-2.986 70.182-2.986 206.893 0 136.709 0.522 152.903 2.986 206.891 2.276 49.919 10.617 77.030 17.629 95.071 9.288 23.899 20.385 40.955 38.3 58.87 17.915 17.918 34.971 29.012 58.87 38.3 18.042 7.012 45.152 15.353 95.071 17.629 53.982 2.463 70.172 2.986 206.893 2.986 136.719 0 152.911-0.522 206.891-2.986 49.919-2.276 77.030-10.617 95.071-17.629 23.899-9.288 40.955-20.383 58.87-38.3 17.918-17.915 29.012-34.971 38.3-58.87 7.012-18.041 15.353-45.152 17.629-95.071 2.463-53.988 2.986-70.182 2.986-206.891 0-136.711-0.522-152.905-2.986-206.893-2.276-49.919-10.617-77.030-17.629-95.071-9.288-23.899-20.383-40.955-38.3-58.87-17.915-17.918-34.971-29.012-58.87-38.3-18.041-7.012-45.152-15.353-95.071-17.629-53.988-2.463-70.182-2.986-206.891-2.986zM512.001 249.081c145.206 0 262.918 117.712 262.918 262.92 0 145.206-117.712 262.918-262.918 262.918-145.208 0-262.92-117.712-262.92-262.918 0-145.208 117.712-262.92 262.92-262.92zM512.001 682.667c94.256 0 170.666-76.41 170.666-170.666 0-94.258-76.41-170.668-170.666-170.668-94.258 0-170.668 76.41-170.668 170.668 0 94.256 76.41 170.666 170.668 170.666zM846.747 238.694c0 33.933-27.508 61.439-61.441 61.439-33.931 0-61.439-27.506-61.439-61.439s27.508-61.441 61.439-61.441c33.933 0 61.441 27.508 61.441 61.441z"
        ],
        "attrs": [
          {}
        ],
        "isMulticolor": false,
        "isMulticolor2": false,
        "tags": [
          "Instagram"
        ],
        "grid": 0
      },
      "attrs": [
        {}
      ],
      "properties": {
        "order": 42,
        "id": 11,
        "name": "instagram",
        "prevSize": 32,
        "code": 59659
      },
      "setIdx": 0,
      "setId": 7,
      "iconIdx": 11
    },
    {
      "icon": {
        "paths": [
          "M661.333 213.333l-426.667 292.414 426.667 292.414z"
        ],
        "attrs": [
          {}
        ],
        "isMulticolor": false,
        "isMulticolor2": false,
        "tags": [
          "Left"
        ],
        "grid": 0
      },
      "attrs": [
        {}
      ],
      "properties": {
        "order": 43,
        "id": 12,
        "name": "left",
        "prevSize": 32,
        "code": 59660
      },
      "setIdx": 0,
      "setId": 7,
      "iconIdx": 12
    },
    {
      "icon": {
        "paths": [
          "M682.667 42.667h-341.333c-58.88 0-106.667 47.787-106.667 106.667v725.333c0 58.88 47.787 106.667 106.667 106.667h341.333c58.88 0 106.667-47.787 106.667-106.667v-725.333c0-58.88-47.787-106.667-106.667-106.667zM522.667 917.333c-41.316 0-74.667-28.587-74.667-64s33.351-64 74.667-64c41.316 0 74.667 28.587 74.667 64s-33.351 64-74.667 64zM704 746.667h-384v-597.333h384v597.333z"
        ],
        "attrs": [
          {}
        ],
        "isMulticolor": false,
        "isMulticolor2": false,
        "tags": [
          "Phone"
        ],
        "grid": 0
      },
      "attrs": [
        {}
      ],
      "properties": {
        "order": 26,
        "id": 13,
        "name": "phone",
        "prevSize": 32,
        "code": 59661
      },
      "setIdx": 0,
      "setId": 7,
      "iconIdx": 13
    },
    {
      "icon": {
        "paths": [
          "M298.667 469.333v85.333h426.667v-85.333h-426.667zM512 85.333c-235.733 0-426.667 190.933-426.667 426.667s190.933 426.667 426.667 426.667c235.733 0 426.667-190.933 426.667-426.667s-190.933-426.667-426.667-426.667zM512 853.333c-188.16 0-341.333-153.173-341.333-341.333s153.173-341.333 341.333-341.333c188.16 0 341.333 153.173 341.333 341.333s-153.173 341.333-341.333 341.333z"
        ],
        "attrs": [
          {}
        ],
        "isMulticolor": false,
        "isMulticolor2": false,
        "tags": [
          "Remove"
        ],
        "grid": 0
      },
      "attrs": [
        {}
      ],
      "properties": {
        "order": 25,
        "id": 14,
        "name": "remove",
        "prevSize": 32,
        "code": 59662
      },
      "setIdx": 0,
      "setId": 7,
      "iconIdx": 14
    },
    {
      "icon": {
        "paths": [
          "M362.667 219.429l426.667 292.414-426.667 292.414z"
        ],
        "attrs": [
          {}
        ],
        "isMulticolor": false,
        "isMulticolor2": false,
        "tags": [
          "Right"
        ],
        "grid": 0
      },
      "attrs": [
        {}
      ],
      "properties": {
        "order": 27,
        "id": 15,
        "name": "right",
        "prevSize": 32,
        "code": 59663
      },
      "setIdx": 0,
      "setId": 7,
      "iconIdx": 15
    },
    {
      "icon": {
        "paths": [
          "M303.36 363.947l-60.16-60.587c-38.4 49.493-62.293 106.667-69.547 165.973h86.187c5.973-37.12 20.907-73.387 43.52-105.387v0zM259.84 554.667h-86.187c7.253 59.307 30.72 116.48 69.12 165.973l60.16-60.587c-22.187-32-37.12-67.84-43.093-105.387v0zM302.933 781.653c49.493 38.4 107.093 61.44 166.4 68.693v-86.613c-37.12-6.4-72.96-20.907-104.96-43.947l-61.44 61.867zM554.667 173.653v-130.987l-194.133 194.133 194.133 189.867v-166.827c121.173 20.48 213.333 125.44 213.333 252.16s-92.16 231.68-213.333 252.16v86.187c168.533-20.907 298.667-164.267 298.667-338.347s-130.133-317.44-298.667-338.347v0z"
        ],
        "attrs": [
          {}
        ],
        "isMulticolor": false,
        "isMulticolor2": false,
        "tags": [
          "Rotate Anticlockwise"
        ],
        "grid": 0
      },
      "attrs": [
        {}
      ],
      "properties": {
        "order": 30,
        "id": 16,
        "name": "rotate-left",
        "prevSize": 32,
        "code": 59664
      },
      "setIdx": 0,
      "setId": 7,
      "iconIdx": 16
    },
    {
      "icon": {
        "paths": [
          "M663.467 236.8l-194.133-194.133v130.987c-168.107 20.907-298.667 164.267-298.667 338.347s130.133 317.44 298.667 338.347v-86.187c-121.173-20.48-213.333-125.44-213.333-252.16s92.16-231.68 213.333-252.16v166.827l194.133-189.867zM850.347 469.333c-7.253-59.307-30.72-116.48-69.12-165.973l-60.587 60.587c23.040 32 37.547 68.267 43.52 105.387h86.187zM554.667 763.733v86.187c59.307-7.253 116.907-30.293 166.4-68.693l-61.44-61.44c-32 23.040-67.84 37.973-104.96 43.947v0zM720.64 660.48l60.587 60.16c38.4-49.493 61.867-106.667 69.12-165.973h-86.187c-5.973 37.12-20.48 73.387-43.52 105.813v0z"
        ],
        "attrs": [
          {}
        ],
        "isMulticolor": false,
        "isMulticolor2": false,
        "tags": [
          "Rotate Clockwise"
        ],
        "grid": 0
      },
      "attrs": [
        {}
      ],
      "properties": {
        "order": 31,
        "id": 17,
        "name": "rotate-right",
        "prevSize": 32,
        "code": 59665
      },
      "setIdx": 0,
      "setId": 7,
      "iconIdx": 17
    },
    {
      "icon": {
        "paths": [
          "M1024 207.686c-37.625 17.134-78.136 28.722-120.63 33.899 43.395-26.626 76.693-68.846 92.381-119.14-40.631 24.654-85.529 42.59-133.492 52.205-38.226-41.85-92.861-67.983-153.327-67.983-115.942 0-210.005 96.458-210.005 215.414 0 16.888 1.803 33.283 5.409 49.061-174.604-8.999-329.373-94.671-433.053-225.152-18.091 31.927-28.429 68.969-28.429 108.416 0 74.701 37.084 140.651 93.462 179.296-34.38-1.048-66.836-10.848-95.205-26.873v2.65c0 104.409 72.426 191.499 168.593 211.222-17.611 5.054-36.183 7.581-55.356 7.581-13.524 0-26.746-1.294-39.549-3.821 26.746 85.549 104.281 147.862 196.241 149.526-71.885 57.813-162.523 92.267-260.914 92.267-16.949 0-33.719-0.986-50.127-2.958 92.982 61.018 203.454 96.705 322.040 96.705 386.472 0 597.739-328.205 597.739-612.896 0-9.368-0.18-18.737-0.541-27.921 41.051-30.386 76.693-68.291 104.762-111.497z"
        ],
        "attrs": [
          {}
        ],
        "isMulticolor": false,
        "isMulticolor2": false,
        "tags": [
          "Twitter"
        ],
        "grid": 0
      },
      "attrs": [
        {}
      ],
      "properties": {
        "order": 34,
        "id": 18,
        "name": "wwitter",
        "prevSize": 32,
        "code": 59666
      },
      "setIdx": 0,
      "setId": 7,
      "iconIdx": 18
    },
    {
      "icon": {
        "paths": [
          "M661.333 597.333h-33.707l-11.947-11.52c41.813-48.64 66.987-111.787 66.987-180.48 0-153.173-124.16-277.333-277.333-277.333s-277.333 124.16-277.333 277.333c0 153.173 124.16 277.333 277.333 277.333 68.693 0 131.84-25.173 180.48-66.987l11.52 11.947v33.707l213.333 212.907 63.573-63.573-212.907-213.333zM405.333 597.333c-106.24 0-192-85.76-192-192s85.76-192 192-192c106.24 0 192 85.76 192 192s-85.76 192-192 192zM512 426.667v-42.667h-85.333v-85.333h-42.667v85.333h-85.333v42.667h85.333v85.333h42.667v-85.333h85.333z"
        ],
        "attrs": [
          {}
        ],
        "isMulticolor": false,
        "isMulticolor2": false,
        "tags": [
          "Zoom In"
        ],
        "grid": 0
      },
      "attrs": [
        {}
      ],
      "properties": {
        "order": 35,
        "id": 19,
        "name": "zoom-in",
        "prevSize": 32,
        "code": 59667
      },
      "setIdx": 0,
      "setId": 7,
      "iconIdx": 19
    },
    {
      "icon": {
        "paths": [
          "M661.333 597.333h-33.707l-11.947-11.52c41.813-48.64 66.987-111.787 66.987-180.48 0-153.173-124.16-277.333-277.333-277.333s-277.333 124.16-277.333 277.333c0 153.173 124.16 277.333 277.333 277.333 68.693 0 131.84-25.173 180.48-66.987l11.52 11.947v33.707l213.333 212.907 63.573-63.573-212.907-213.333zM405.333 597.333c-106.24 0-192-85.76-192-192s85.76-192 192-192c106.24 0 192 85.76 192 192s-85.76 192-192 192v0zM298.667 384h213.333v42.667h-213.333v-42.667z"
        ],
        "attrs": [
          {}
        ],
        "isMulticolor": false,
        "isMulticolor2": false,
        "tags": [
          "Zoom Out"
        ],
        "grid": 0
      },
      "attrs": [
        {}
      ],
      "properties": {
        "order": 38,
        "id": 20,
        "name": "zoom-out",
        "prevSize": 32,
        "code": 59668
      },
      "setIdx": 0,
      "setId": 7,
      "iconIdx": 20
    }
  ],
  "height": 1024,
  "metadata": {
    "name": "icons"
  },
  "preferences": {
    "showGlyphs": true,
    "showQuickUse": true,
    "showQuickUse2": true,
    "showSVGs": true,
    "fontPref": {
      "prefix": "ico-",
      "metadata": {
        "fontFamily": "icons",
        "majorVersion": 1,
        "minorVersion": 0
      },
      "metrics": {
        "emSize": 1024,
        "baseline": 6.25,
        "whitespace": 50
      },
      "embed": false,
      "cssVars": true,
      "cssVarsFormat": "scss",
      "showSelector": false,
      "selector": "",
      "showMetrics": false,
      "showMetadata": false,
      "showVersion": false
    },
    "imagePref": {
      "prefix": "icon-",
      "png": true,
      "useClassSelector": true,
      "color": 0,
      "bgColor": 16777215,
      "classSelector": ".icon"
    },
    "historySize": 50,
    "showCodes": true,
    "gridSize": 16
  }
}